timestamp,open,high,low,close,volume,trade_count,vwap
2018-09-10 04:00:00+00:00,208.71,211.62,208.13,210.69,5586572,56515,210.362968
2018-09-11 04:00:00+00:00,212.66,214.66,211.5,213.85,5969570,56987,213.312749
2018-09-12 04:00:00+00:00,213.85,215.43,210.91,211.98,5669952,55611,212.117354
2018-09-13 04:00:00+00:00,210.21,211.44,208.7,209.45,4701194,44178,209.587441
2018-09-14 04:00:00+00:00,210.19,210.53,207.55,209.07,3658077,38365,208.812911
2018-09-17 04:00:00+00:00,209.08,210.035,208.26,208.4,3074755,32299,208.806192
2018-09-18 04:00:00+00:00,208.26,211.73,208.16,211.02,4338462,32926,210.676823
2018-09-19 04:00:00+00:00,212.0,212.67,210.66,211.68,2579094,31151,211.869452
2018-09-20 04:00:00+00:00,211.66,212.61,211.005,211.06,4020776,38982,211.536608
2018-09-21 04:00:00+00:00,211.37,212.66,210.51,212.39,9749360,45380,211.927184
2018-09-24 04:00:00+00:00,211.52,211.84,207.96,207.99,4623688,43704,209.049112
2018-09-25 04:00:00+00:00,208.77,209.3,206.8,207.46,4443309,38079,207.75491
2018-09-26 04:00:00+00:00,208.99,209.14,207.23,207.52,2965845,31195,208.196819
2018-09-27 04:00:00+00:00,207.5,207.83,205.6713,206.84,3218841,35216,206.986201
2018-09-28 04:00:00+00:00,206.59,208.85,206.35,207.15,3968338,32371,207.310919
2018-10-01 04:00:00+00:00,208.52,209.79,207.37,207.6,3670801,33665,208.378836
2018-10-02 04:00:00+00:00,207.49,208.04,204.67,204.75,4428039,35093,205.733039
2018-10-03 04:00:00+00:00,206.02,206.46,203.65,203.74,4162853,41314,204.656912
2018-10-04 04:00:00+00:00,203.65,203.76,198.27,198.85,6007056,62904,199.361799
2018-10-05 04:00:00+00:00,198.9,199.7,194.57,196.38,5016803,53996,196.470788
2018-10-08 04:00:00+00:00,196.24,198.66,195.06,198.41,3731816,39702,197.46445
2018-10-09 04:00:00+00:00,197.95,199.18,195.58,195.75,4466758,44932,196.992663
2018-10-10 04:00:00+00:00,199.24,199.24,193.35,193.7,6158247,63190,196.039541
2018-10-11 04:00:00+00:00,194.07,196.67,188.47,189.74,5831466,67722,192.659417
2018-10-12 04:00:00+00:00,192.75,193.59,190.16,192.47,5450389,51888,192.150577
2018-10-15 04:00:00+00:00,192.41,193.29,190.7021,191.17,3642833,34521,191.879588
2018-10-16 04:00:00+00:00,191.73,194.08,190.61,193.58,4057412,42656,192.707315
2018-10-17 04:00:00+00:00,188.72,190.67,183.98,185.17,8985718,86630,185.817139
2018-10-18 04:00:00+00:00,184.26,185.4,179.53,180.44,9262188,83126,181.549256
2018-10-19 04:00:00+00:00,180.06,180.99,178.57,179.85,7004422,62238,180.040572
2018-10-22 04:00:00+00:00,180.82,181.4,177.56,178.75,4920668,50272,178.829659
2018-10-23 04:00:00+00:00,175.9,179.49,175.44,178.53,7005034,70906,177.569712
2018-10-24 04:00:00+00:00,178.45,182.3693,176.31,176.97,6791655,62939,179.186062
2018-10-25 04:00:00+00:00,177.14,180.5,176.8262,179.07,5227977,49281,179.129228
2018-10-26 04:00:00+00:00,177.0,177.34,170.91,172.23,9472382,93127,173.02265
2018-10-29 04:00:00+00:00,173.83,175.99,170.95,173.2,5918379,54462,173.772326
2018-10-30 04:00:00+00:00,173.38,176.43,172.64,176.24,5657107,54101,175.178871
2018-10-31 04:00:00+00:00,177.98,178.85,175.59,175.88,6339454,51926,176.729174
2018-11-01 04:00:00+00:00,176.57,180.86,175.9,180.46,5225343,51691,179.671807
2018-11-02 04:00:00+00:00,182.38,183.01,177.39,179.93,4730558,49395,179.821883
2018-11-05 05:00:00+00:00,181.05,182.41,179.3,182.19,3885695,43021,181.472877
2018-11-06 05:00:00+00:00,181.93,182.65,180.05,182.01,3339047,33479,181.412376
2018-11-07 05:00:00+00:00,183.79,187.68,182.06,187.23,4673834,50447,185.584382
2018-11-08 05:00:00+00:00,187.13,188.69,185.72,188.0,4054005,45048,187.65978
2018-11-09 05:00:00+00:00,188.32,188.48,184.96,185.99,4761172,52041,186.20996
2018-11-12 05:00:00+00:00,185.28,186.95,179.02,179.43,7590396,79270,182.376516
2018-11-13 05:00:00+00:00,177.0,181.62,172.85,179.0,14274203,131958,177.606247
2018-11-14 05:00:00+00:00,182.0,182.9,179.15,179.9,7561076,76666,180.767893
2018-11-15 05:00:00+00:00,179.01,179.67,173.61,177.36,8663136,87579,176.366835
2018-11-16 05:00:00+00:00,173.56,177.605,173.51,177.02,6834880,62546,176.226663
2018-11-19 05:00:00+00:00,177.33,178.88,172.3,173.59,6203443,63555,174.254684
2018-11-20 05:00:00+00:00,168.67,172.0,167.0,169.05,8661214,80167,169.807882
2018-11-21 05:00:00+00:00,169.67,170.93,169.145,169.3,5752263,56706,169.929484
2018-11-23 05:00:00+00:00,169.39,170.33,168.47,168.85,2710983,28652,169.243207
2018-11-26 05:00:00+00:00,170.2,172.39,168.87,169.82,6140716,53227,169.914802
2018-11-27 05:00:00+00:00,169.16,173.38,168.82,173.22,7084186,60288,171.180959
2018-11-28 05:00:00+00:00,172.7,177.65,170.62,177.43,7133627,65113,174.912095
2018-11-29 05:00:00+00:00,176.8,177.27,174.92,175.66,4329330,45104,175.967719
2018-11-30 05:00:00+00:00,175.3,180.37,175.11,180.32,8942444,52112,179.422627
2018-12-03 05:00:00+00:00,183.0,183.5,179.35,181.74,7610735,66440,181.537347
2018-12-04 05:00:00+00:00,181.06,182.23,174.55,175.3,7059563,67213,176.94932
2018-12-06 05:00:00+00:00,172.64,176.04,170.4551,175.96,7571354,73387,173.274104
2018-12-07 05:00:00+00:00,174.94,178.36,172.24,172.79,6226078,56103,174.301397
2018-12-10 05:00:00+00:00,173.44,173.985,167.73,171.69,5373778,58577,170.73878
2018-12-11 05:00:00+00:00,174.3,175.6,171.24,172.21,5229571,50494,172.964907
2018-12-12 05:00:00+00:00,173.71,176.87,172.81,174.21,5912881,54249,174.819334
2018-12-13 05:00:00+00:00,173.8,174.91,172.07,173.87,6102173,42771,173.572212
2018-12-14 05:00:00+00:00,172.98,175.14,171.95,172.29,4265183,40969,173.115719
2018-12-17 05:00:00+00:00,171.0,171.99,166.93,167.97,5630550,56717,169.051933
2018-12-18 05:00:00+00:00,168.87,171.95,168.5,170.04,4462634,44571,170.343717
2018-12-19 05:00:00+00:00,170.92,174.95,166.77,167.56,6996990,68227,170.10649
2018-12-20 05:00:00+00:00,166.0,167.31,162.23,164.16,7675917,78313,164.727474
2018-12-21 05:00:00+00:00,162.34,167.96,160.17,160.48,13034103,75335,162.104176
2018-12-24 05:00:00+00:00,160.44,161.4,158.09,158.14,4547439,46148,159.743487
2018-12-26 05:00:00+00:00,159.61,168.28,159.44,168.28,6141459,64257,164.404348
2018-12-27 05:00:00+00:00,166.47,170.46,163.3627,170.32,5069351,54584,166.746402
2018-12-28 05:00:00+00:00,171.22,173.12,168.6,170.22,4551989,53005,170.588289
2018-12-31 05:00:00+00:00,172.24,173.24,170.65,171.82,4206020,41537,171.663431
2019-01-02 05:00:00+00:00,169.77,173.18,169.05,172.41,4313851,40390,171.920955
2019-01-03 05:00:00+00:00,171.84,171.84,168.21,168.61,4824092,48322,169.509273
2019-01-04 05:00:00+00:00,170.0,174.74,169.5203,173.62,4762680,48364,173.054703
2019-01-07 05:00:00+00:00,174.15,178.18,173.83,177.04,4928789,50177,176.887988
2019-01-08 05:00:00+00:00,178.56,179.59,175.61,177.89,4722567,47836,177.573298
2019-01-09 05:00:00+00:00,177.81,181.27,177.0999,179.73,4922066,50958,179.672706
2019-01-10 05:00:00+00:00,178.03,179.24,176.34,179.06,3605294,37457,178.374036
2019-01-11 05:00:00+00:00,178.0,180.26,177.12,179.41,3290063,33693,178.701151
2019-01-14 05:00:00+00:00,177.6,179.23,176.9007,178.81,3871412,35165,178.537768
2019-01-15 05:00:00+00:00,176.0,177.8212,175.2,176.47,5026065,46189,176.551841
2019-01-16 05:00:00+00:00,177.09,177.93,175.86,177.04,4120537,40572,177.107216
2019-01-17 05:00:00+00:00,173.75,175.46,172.0,174.87,6499188,54584,173.890526
2019-01-18 05:00:00+00:00,176.48,180.04,176.18,179.58,6371422,47307,178.691293
2019-01-22 05:00:00+00:00,177.5,178.6048,175.3626,177.11,6272715,49587,176.919865
2019-01-23 05:00:00+00:00,176.55,178.06,174.53,176.89,4910402,41856,176.672717
2019-01-24 05:00:00+00:00,176.89,177.53,175.3,177.29,3860309,34375,176.910433
2019-01-25 05:00:00+00:00,180.0,180.87,178.61,180.4,4527187,42086,180.129014
2019-01-28 05:00:00+00:00,178.86,179.99,177.41,179.83,4091373,42167,179.023886
2019-01-29 05:00:00+00:00,178.96,180.15,178.09,179.69,3696904,39672,179.364367
2019-01-30 05:00:00+00:00,180.23,184.2,179.78,182.18,5200007,51807,181.895957
2019-01-31 05:00:00+00:00,181.46,184.67,181.06,183.53,5138051,42523,183.458223
2019-02-01 05:00:00+00:00,184.03,185.15,182.83,184.37,4513184,41593,184.247229
2019-02-04 05:00:00+00:00,184.47,186.43,183.84,186.43,3050201,29133,185.536052
2019-02-05 05:00:00+00:00,186.89,186.99,184.69,186.39,4175859,36689,186.046709
2019-02-06 05:00:00+00:00,186.39,186.69,184.06,184.72,3072472,28072,184.764222
2019-02-07 05:00:00+00:00,183.74,184.9231,182.45,184.07,2793487,30930,183.595032
2019-02-08 05:00:00+00:00,183.08,184.58,182.72,184.54,2792477,30111,183.76579
2019-02-11 05:00:00+00:00,185.0,185.42,182.75,182.92,3729222,35044,183.527757
2019-02-12 05:00:00+00:00,184.02,186.4,183.52,185.52,3773229,38384,185.63535
2019-02-13 05:00:00+00:00,186.3,188.68,185.92,188.41,4147057,38563,187.505605
2019-02-14 05:00:00+00:00,187.5,188.93,186.0025,187.71,2600831,32144,187.774243
2019-02-15 05:00:00+00:00,189.87,192.62,189.05,192.39,4997891,42686,191.863258
2019-02-19 05:00:00+00:00,191.71,193.19,191.28,192.33,3867864,42026,192.404012
2019-02-20 05:00:00+00:00,192.39,192.4,191.11,191.85,3970105,32798,191.849757
2019-02-21 05:00:00+00:00,191.85,192.37,190.61,191.82,3094740,35854,191.683057
2019-02-22 05:00:00+00:00,192.0,192.54,191.62,192.39,3321635,37766,192.247187
2019-02-25 05:00:00+00:00,192.75,193.4199,189.96,189.98,6190665,63795,191.070821
2019-02-26 05:00:00+00:00,185.5,188.47,182.8,188.3,13635082,121627,185.987675
2019-02-27 05:00:00+00:00,187.79,188.5,183.21,183.67,8766267,82665,184.558945
2019-02-28 05:00:00+00:00,183.6,185.19,183.11,185.14,8062053,60338,184.539567
2019-03-01 05:00:00+00:00,185.82,186.56,182.861,185.17,5481417,53129,184.613925
2019-03-04 05:00:00+00:00,185.68,186.24,182.1025,183.81,5047007,50353,183.622511
2019-03-05 05:00:00+00:00,183.97,185.12,183.25,184.0,3691017,35880,184.235702
2019-03-06 05:00:00+00:00,184.53,184.97,183.84,184.45,4460878,44169,184.420935
2019-03-07 05:00:00+00:00,184.39,184.62,181.58,182.51,4122194,43629,182.763891
2019-03-08 05:00:00+00:00,181.56,181.91,179.52,181.23,3867608,40446,180.662546
2019-03-11 04:00:00+00:00,181.86,183.1966,181.2,182.44,3866374,39331,182.219816
2019-03-12 04:00:00+00:00,183.43,184.27,182.33,184.0,3776971,40166,183.460684
2019-03-13 04:00:00+00:00,183.24,183.78,181.0801,181.14,4528250,41193,182.152847
2019-03-14 04:00:00+00:00,181.1,181.74,180.5,181.61,4393038,41951,181.224627
2019-03-15 04:00:00+00:00,182.34,182.49,179.57,182.23,8059489,47257,181.805693
2019-03-18 04:00:00+00:00,182.5,183.48,182.33,183.42,4395996,38201,183.088767
2019-03-19 04:00:00+00:00,184.2,185.82,183.48,184.13,4464467,43694,184.602948
2019-03-20 04:00:00+00:00,184.3,187.12,183.43,186.1,4773072,43090,185.485972
2019-03-21 04:00:00+00:00,185.7,190.0,185.5,189.97,4756126,43210,188.798247
2019-03-22 04:00:00+00:00,189.31,192.05,188.67,188.75,5173899,53090,189.943255
2019-03-25 04:00:00+00:00,188.79,191.71,188.51,189.68,3845892,42483,190.124173
2019-03-26 04:00:00+00:00,190.91,192.19,188.74,189.34,4143254,37192,190.001951
2019-03-27 04:00:00+00:00,190.04,191.61,188.39,189.25,4298373,39376,189.473306
2019-03-28 04:00:00+00:00,189.91,191.3999,189.16,190.06,3326131,32252,190.19646
2019-03-29 04:00:00+00:00,190.85,192.04,190.14,191.89,4674122,40424,191.467001
2019-04-01 04:00:00+00:00,193.0,195.9,192.85,195.64,5381379,53292,194.876095
2019-04-02 04:00:00+00:00,195.39,195.5,194.015,194.31,2718056,28936,194.488014
2019-04-03 04:00:00+00:00,195.0,198.785,194.11,198.61,4581479,46566,197.517552
2019-04-04 04:00:00+00:00,198.83,200.49,198.02,200.45,3138851,33712,199.727251
2019-04-05 04:00:00+00:00,200.86,203.13,200.61,202.06,3615266,37041,202.213989
2019-04-08 04:00:00+00:00,201.33,203.79,201.24,203.55,3098935,35240,203.193871
2019-04-09 04:00:00+00:00,202.26,202.71,200.46,200.9,3721889,39016,201.28926
2019-04-10 04:00:00+00:00,201.16,201.6,198.02,199.43,3587694,38244,199.326542
2019-04-11 04:00:00+00:00,199.9,201.5,199.03,201.48,2465415,29903,200.444702
2019-04-12 04:00:00+00:00,202.62,204.26,202.13,203.85,3097939,35086,203.687492
2019-04-15 04:00:00+00:00,204.33,205.14,203.404,204.86,3049880,28953,204.510965
2019-04-16 04:00:00+00:00,205.25,205.99,204.29,204.47,3271592,35310,204.767802
2019-04-17 04:00:00+00:00,206.31,206.84,205.32,206.55,3271891,34199,206.28104
2019-04-18 04:00:00+00:00,205.81,207.775,205.1,205.66,3162460,34178,206.146918
2019-04-22 04:00:00+00:00,204.29,206.25,204.0,204.78,2594207,30944,205.082991
2019-04-23 04:00:00+00:00,205.14,207.33,203.43,206.05,3702592,38423,205.902845
2019-04-24 04:00:00+00:00,206.16,208.295,205.54,206.72,2750949,29855,207.131203
2019-04-25 04:00:00+00:00,205.72,207.72,205.06,206.5,3292242,34118,206.703238
2019-04-26 04:00:00+00:00,205.88,206.14,203.34,203.61,3560313,37824,204.296002
2019-04-29 04:00:00+00:00,203.31,203.8,200.34,202.16,3785456,39896,202.131014
2019-04-30 04:00:00+00:00,201.55,203.75,200.79,203.7,3415616,34499,202.716456
2019-05-01 04:00:00+00:00,203.2,203.52,198.66,198.8,4644666,47960,200.492518
2019-05-02 04:00:00+00:00,199.19,201.06,198.8,201.01,2810218,32658,200.310826
2019-05-03 04:00:00+00:00,202.0,202.31,200.32,200.56,3583835,35244,201.23844
2019-05-06 04:00:00+00:00,199.36,199.93,198.31,199.63,2619725,31882,199.362888
2019-05-07 04:00:00+00:00,196.61,197.65,192.96,194.77,4622108,50796,194.973924
2019-05-08 04:00:00+00:00,194.37,196.61,193.68,195.17,3122569,34973,195.389663
2019-05-09 04:00:00+00:00,193.31,195.077,191.59,194.58,2917943,34251,193.700163
2019-05-10 04:00:00+00:00,193.21,195.49,190.01,194.58,3865934,46330,193.027572
2019-05-13 04:00:00+00:00,190.9,191.66,189.14,190.34,3326037,43153,190.141713
2019-05-14 04:00:00+00:00,190.62,192.76,190.01,191.62,3663632,37972,191.635796
2019-05-15 04:00:00+00:00,190.81,192.81,190.27,191.76,3355797,37497,191.851366
2019-05-16 04:00:00+00:00,192.47,194.96,192.2,192.38,3853985,35846,193.22669
2019-05-17 04:00:00+00:00,190.75,194.495,190.75,192.58,5223877,41452,192.828884
2019-05-20 04:00:00+00:00,191.13,192.86,190.61,190.95,4782752,55207,191.535617
2019-05-21 04:00:00+00:00,187.0,192.52,186.34,191.45,8555840,84404,190.340307
2019-05-22 04:00:00+00:00,189.57,192.22,188.05,188.91,5706339,61329,189.701577
2019-05-23 04:00:00+00:00,188.46,192.54,186.27,192.0,7754163,71783,190.777718
2019-05-24 04:00:00+00:00,192.35,193.86,190.41,193.59,3799486,43365,192.550751
2019-05-28 04:00:00+00:00,194.38,196.47,191.35,191.55,5165764,47626,192.910838
2019-05-29 04:00:00+00:00,190.28,191.88,188.03,189.99,4569945,55989,189.694284
2019-05-30 04:00:00+00:00,190.13,192.5,190.09,191.08,3035849,36131,191.221428
2019-05-31 04:00:00+00:00,189.64,190.29,188.66,189.85,3681598,42916,189.696668
2019-06-03 04:00:00+00:00,189.52,191.87,188.75,189.57,4625330,53067,189.808573
2019-06-04 04:00:00+00:00,191.58,195.5,191.42,195.25,5124438,57684,194.49708
2019-06-05 04:00:00+00:00,194.38,196.72,193.08,196.69,3705702,43025,195.551248
2019-06-06 04:00:00+00:00,196.86,197.65,194.96,197.17,3732940,38729,196.598133
2019-06-07 04:00:00+00:00,197.05,199.02,196.21,197.3,3522596,41961,197.745387
2019-06-10 04:00:00+00:00,198.56,199.85,197.32,198.05,3154460,38182,198.559169
2019-06-11 04:00:00+00:00,199.02,200.84,195.84,198.01,3708474,41812,197.540542
2019-06-12 04:00:00+00:00,198.34,200.185,197.98,198.94,2551590,35283,199.076136
2019-06-13 04:00:00+00:00,200.0,202.68,199.45,202.35,3631270,39603,201.830888
2019-06-14 04:00:00+00:00,203.28,206.5,201.31,205.77,4898495,54521,204.928404
2019-06-17 04:00:00+00:00,207.0,208.79,206.0,206.98,4621490,53997,207.412374
2019-06-18 04:00:00+00:00,208.35,210.17,207.11,207.48,3891295,47273,208.343207
2019-06-19 04:00:00+00:00,207.9,208.48,205.9,207.94,3648435,38970,207.535145
2019-06-20 04:00:00+00:00,209.87,211.66,209.31,211.25,5171531,46110,210.78348
2019-06-21 04:00:00+00:00,211.47,211.99,209.08,209.39,9880596,49555,209.877308
2019-06-24 04:00:00+00:00,208.15,209.26,205.12,205.5,4943486,50881,206.126592
2019-06-25 04:00:00+00:00,206.3,207.1,204.2,204.74,3592782,42264,205.329369
2019-06-26 04:00:00+00:00,205.34,207.32,204.65,206.42,3071249,31099,206.337191
2019-06-27 04:00:00+00:00,207.61,208.0,206.01,207.02,2286764,27012,207.13551
2019-06-28 04:00:00+00:00,207.7,209.0,207.39,207.97,11068999,40791,208.08908
2019-07-01 04:00:00+00:00,209.86,212.31,208.17,210.28,4103327,44761,210.121131
2019-07-02 04:00:00+00:00,210.24,210.26,208.46,210.14,3160610,40851,209.469439
2019-07-03 04:00:00+00:00,210.24,212.75,209.7,212.1,2183742,25091,211.912071
2019-07-05 04:00:00+00:00,209.97,212.17,209.7261,211.46,2547866,24874,211.28466
2019-07-08 04:00:00+00:00,211.39,213.44,210.59,212.91,2711110,31663,212.712024
2019-07-09 04:00:00+00:00,211.93,213.33,211.2,212.0,2397527,29540,211.843336
2019-07-10 04:00:00+00:00,210.74,211.32,208.8268,210.75,3457881,37832,210.231016
2019-07-11 04:00:00+00:00,212.26,214.08,211.02,214.04,3450076,38895,212.920018
2019-07-12 04:00:00+00:00,215.0,218.25,214.61,218.23,4429845,42201,217.312971
2019-07-15 04:00:00+00:00,218.95,219.2951,216.81,218.7,3141510,36498,218.122657
2019-07-16 04:00:00+00:00,217.0,218.35,216.73,217.26,2657421,32787,217.58715
2019-07-17 04:00:00+00:00,216.73,217.58,215.61,215.61,3037577,30303,216.139602
2019-07-18 04:00:00+00:00,215.5,216.23,213.01,214.44,3069619,38356,214.323041
2019-07-19 04:00:00+00:00,214.67,215.23,212.93,213.04,3255033,33291,213.908599
2019-07-22 04:00:00+00:00,213.0,213.26,210.38,211.27,2765719,30773,211.430684
2019-07-23 04:00:00+00:00,213.0,214.13,211.726,213.08,2590137,30242,212.827231
2019-07-24 04:00:00+00:00,213.19,214.79,213.07,214.71,2207164,26016,214.289098
2019-07-25 04:00:00+00:00,213.81,215.92,213.63,215.55,2345502,29576,215.262084
2019-07-26 04:00:00+00:00,215.53,217.21,214.1,216.91,2681118,24024,216.458586
2019-07-29 04:00:00+00:00,216.79,218.27,216.35,218.04,2407248,25694,217.684444
2019-07-30 04:00:00+00:00,217.52,218.59,216.86,217.36,2172571,29177,217.713871
2019-07-31 04:00:00+00:00,216.35,217.8,212.165,213.69,3426462,38316,214.970242
2019-08-01 04:00:00+00:00,213.99,217.61,212.02,212.83,3430954,43349,214.117539
2019-08-02 04:00:00+00:00,211.86,213.14,211.0812,212.15,2884888,40609,212.130242
2019-08-05 04:00:00+00:00,209.53,209.99,204.08,204.94,4553323,56424,205.767189
2019-08-06 04:00:00+00:00,205.36,209.09,204.5,208.8,3646801,37225,207.540137
2019-08-07 04:00:00+00:00,205.77,208.5,203.13,207.91,3901105,44472,206.169481
2019-08-08 04:00:00+00:00,209.7,211.69,208.7201,211.57,2968173,36021,210.867372
2019-08-09 04:00:00+00:00,211.45,212.4123,207.95,210.02,2912151,35976,210.103809
2019-08-12 04:00:00+00:00,208.1,209.64,206.15,206.59,1767878,26881,207.680385
2019-08-13 04:00:00+00:00,206.31,211.62,204.78,208.33,3906289,49488,209.260393
2019-08-14 04:00:00+00:00,204.0,205.36,201.51,201.59,4582123,53980,202.79619
2019-08-15 04:00:00+00:00,203.0,203.76,199.05,201.79,4200248,56715,201.201941
2019-08-16 04:00:00+00:00,203.75,204.43,201.6701,203.65,4093662,42426,203.269
2019-08-19 04:00:00+00:00,206.98,208.82,205.3,207.95,6413591,63100,207.531428
2019-08-20 04:00:00+00:00,212.75,217.85,212.17,217.09,12455489,110013,216.627198
2019-08-21 04:00:00+00:00,218.67,220.88,216.76,220.4,7940577,71950,219.639118
2019-08-22 04:00:00+00:00,220.05,222.655,219.88,221.02,4545216,53454,221.371291
2019-08-23 04:00:00+00:00,219.9,220.87,216.01,217.47,5756819,65513,218.218963
2019-08-26 04:00:00+00:00,218.46,219.5,216.18,218.65,3680588,40256,218.004429
2019-08-27 04:00:00+00:00,219.55,220.41,217.91,218.21,4313661,34819,218.624477
2019-08-28 04:00:00+00:00,217.88,222.09,217.11,221.95,3072754,35278,220.970181
2019-08-29 04:00:00+00:00,223.9,227.7,223.76,227.32,4184912,48571,226.371833
2019-08-30 04:00:00+00:00,228.83,229.27,226.69,227.91,3769326,39760,228.008248
2019-09-03 04:00:00+00:00,226.45,227.63,223.38,224.07,4143962,49359,224.770227
2019-09-04 04:00:00+00:00,223.81,224.15,220.67,224.15,3165546,37249,222.974899
2019-09-05 04:00:00+00:00,226.3,228.78,226.25,228.15,3373599,36071,228.079764
2019-09-06 04:00:00+00:00,228.8,231.37,227.88,231.13,3237893,37180,230.316111
2019-09-09 04:00:00+00:00,231.5,233.87,230.075,232.87,4449066,40544,232.346218
2019-09-10 04:00:00+00:00,232.25,233.02,229.7117,233.0,4210742,45747,232.018716
